[{"player":{"id":"13941","nickname":"Saad Al-Sheeb"},"positionGroupType":"GK","shirtNumber":"1","started":true,"team":{"id":"360","name":"Qatar"}},{"player":{"id":"1287","nickname":"Jos\u00e9 Cifuentes"},"positionGroupType":"CM","shirtNumber":"5","started":false,"team":{"id":"381","name":"Ecuador"}},{"player":{"id":"13945","nickname":"Boualem Khoukhi"},"positionGroupType":"MCB","shirtNumber":"16","started":true,"team":{"id":"360","name":"Qatar"}},{"player":{"id":"13936","nickname":"Robert Arboleda"},"positionGroupType":"RCB","shirtNumber":"4","started":false,"team":{"id":"381","name":"Ecuador"}},{"player":{"id":"13944","nickname":"Abdelkarim Hassan"},"positionGroupType":"LCB","shirtNumber":"3","started":true,"team":{"id":"360","name":"Qatar"}},{"player":{"id":"13940","nickname":"Kevin Rodriguez"},"positionGroupType":"CF","shirtNumber":"26","started":false,"team":{"id":"381","name":"Ecuador"}},{"player":{"id":"13948","nickname":"Bassam Al-Rawi"},"positionGroupType":"RCB","shirtNumber":"15","started":true,"team":{"id":"360","name":"Qatar"}},{"player":{"id":"9837","nickname":"Jackson Porozo"},"positionGroupType":"RCB","shirtNumber":"25","started":false,"team":{"id":"381","name":"Ecuador"}},{"player":{"id":"13951","nickname":"Homam Ahmed"},"positionGroupType":"LWB","shirtNumber":"14","started":true,"team":{"id":"360","name":"Qatar"}},{"player":{"id":"13939","nickname":"Djorkaeff Reasco"},"positionGroupType":"CF","shirtNumber":"24","started":false,"team":{"id":"381","name":"Ecuador"}},{"player":{"id":"13946","nickname":"Pedro Miguel"},"positionGroupType":"RWB","shirtNumber":"2","started":true,"team":{"id":"360","name":"Qatar"}},{"player":{"id":"13934","nickname":"Alexander Dominguez"},"positionGroupType":"GK","shirtNumber":"22","started":false,"team":{"id":"381","name":"Ecuador"}},{"player":{"id":"13953","nickname":"Karim Boudiaf"},"positionGroupType":"CM","shirtNumber":"12","started":true,"team":{"id":"360","name":"Qatar"}},{"player":{"id":"7571","nickname":"Alan Franco"},"positionGroupType":"CM","shirtNumber":"21","started":false,"team":{"id":"381","name":"Ecuador"}},{"player":{"id":"13954","nickname":"Abdulaziz Hatem"},"positionGroupType":"CM","shirtNumber":"6","started":true,"team":{"id":"360","name":"Qatar"}},{"player":{"id":"1279","nickname":"Diego Palacios"},"positionGroupType":"LB","shirtNumber":"18","started":false,"team":{"id":"381","name":"Ecuador"}},{"player":{"id":"13960","nickname":"Hasan Al-Haydos"},"positionGroupType":"CM","shirtNumber":"10","started":true,"team":{"id":"360","name":"Qatar"}},{"player":{"id":"6596","nickname":"Jeremy Sarmiento"},"positionGroupType":"AM","shirtNumber":"16","started":false,"team":{"id":"381","name":"Ecuador"}},{"player":{"id":"13961","nickname":"Akram Afif"},"positionGroupType":"CF","shirtNumber":"11","started":true,"team":{"id":"360","name":"Qatar"}},{"player":{"id":"3441","nickname":"\u00c1ngel Mena"},"positionGroupType":"RW","shirtNumber":"15","started":false,"team":{"id":"381","name":"Ecuador"}},{"player":{"id":"13962","nickname":"Almoez Ali"},"positionGroupType":"CF","shirtNumber":"19","started":true,"team":{"id":"360","name":"Qatar"}},{"player":{"id":"1166","nickname":"Xavier Arreaga"},"positionGroupType":"LCB","shirtNumber":"14","started":false,"team":{"id":"381","name":"Ecuador"}},{"player":{"id":"13963","nickname":"Mohammed Muntari"},"positionGroupType":"CF","shirtNumber":"9","started":false,"team":{"id":"360","name":"Qatar"}},{"player":{"id":"13933","nickname":"Moises Ramirez"},"positionGroupType":"GK","shirtNumber":"12","started":false,"team":{"id":"381","name":"Ecuador"}},{"player":{"id":"13955","nickname":"Ali Asad"},"positionGroupType":"AM","shirtNumber":"8","started":false,"team":{"id":"360","name":"Qatar"}},{"player":{"id":"13964","nickname":"Ahmed Alaaeldin"},"positionGroupType":"CF","shirtNumber":"7","started":false,"team":{"id":"360","name":"Qatar"}},{"player":{"id":"13949","nickname":"Tarek Salman"},"positionGroupType":"RCB","shirtNumber":"5","started":false,"team":{"id":"360","name":"Qatar"}},{"player":{"id":"13958","nickname":"Mohammed Waad"},"positionGroupType":"DM","shirtNumber":"4","started":false,"team":{"id":"360","name":"Qatar"}},{"player":{"id":"13959","nickname":"Mustafa Mashaal"},"positionGroupType":"CM","shirtNumber":"26","started":false,"team":{"id":"360","name":"Qatar"}},{"player":{"id":"13952","nickname":"Jassem Gaber Abdulsallam"},"positionGroupType":"RCB","shirtNumber":"25","started":false,"team":{"id":"360","name":"Qatar"}},{"player":{"id":"13966","nickname":"Naif Al-Hadhrami"},"positionGroupType":"RW","shirtNumber":"24","started":false,"team":{"id":"360","name":"Qatar"}},{"player":{"id":"13956","nickname":"Assim Madibo"},"positionGroupType":"DM","shirtNumber":"23","started":false,"team":{"id":"360","name":"Qatar"}},{"player":{"id":"13942","nickname":"Meshaal Barsham"},"positionGroupType":"GK","shirtNumber":"22","started":false,"team":{"id":"360","name":"Qatar"}},{"player":{"id":"13943","nickname":"Yousef Hassan"},"positionGroupType":"GK","shirtNumber":"21","started":false,"team":{"id":"360","name":"Qatar"}},{"player":{"id":"13957","nickname":"Salem Al-Hajri"},"positionGroupType":"DM","shirtNumber":"20","started":false,"team":{"id":"360","name":"Qatar"}},{"player":{"id":"13965","nickname":"Khalid Muneer Mazeed"},"positionGroupType":"LW","shirtNumber":"18","started":false,"team":{"id":"360","name":"Qatar"}},{"player":{"id":"13947","nickname":"Ismaeel Mohammed"},"positionGroupType":"RW","shirtNumber":"17","started":false,"team":{"id":"360","name":"Qatar"}},{"player":{"id":"13950","nickname":"Musab Khoder"},"positionGroupType":"RB","shirtNumber":"13","started":false,"team":{"id":"360","name":"Qatar"}},{"player":{"id":"13935","nickname":"Hernan Galindez"},"positionGroupType":"GK","shirtNumber":"1","started":true,"team":{"id":"381","name":"Ecuador"}},{"player":{"id":"5195","nickname":"Piero Hincapie"},"positionGroupType":"LCB","shirtNumber":"3","started":true,"team":{"id":"381","name":"Ecuador"}},{"player":{"id":"3734","nickname":"F\u00e9lix Torres"},"positionGroupType":"RCB","shirtNumber":"2","started":true,"team":{"id":"381","name":"Ecuador"}},{"player":{"id":"1406","nickname":"Pervis Estupinan"},"positionGroupType":"LB","shirtNumber":"7","started":true,"team":{"id":"381","name":"Ecuador"}},{"player":{"id":"13937","nickname":"Angelo Preciado"},"positionGroupType":"RB","shirtNumber":"17","started":true,"team":{"id":"381","name":"Ecuador"}},{"player":{"id":"2134","nickname":"Moises Caicedo"},"positionGroupType":"CM","shirtNumber":"23","started":true,"team":{"id":"381","name":"Ecuador"}},{"player":{"id":"1034","nickname":"Jhegson M\u00e9ndez"},"positionGroupType":"CM","shirtNumber":"20","started":true,"team":{"id":"381","name":"Ecuador"}},{"player":{"id":"3460","nickname":"Romario Ibarra"},"positionGroupType":"LM","shirtNumber":"10","started":true,"team":{"id":"381","name":"Ecuador"}},{"player":{"id":"13049","nickname":"Gonzalo Plata"},"positionGroupType":"RM","shirtNumber":"19","started":true,"team":{"id":"381","name":"Ecuador"}},{"player":{"id":"3519","nickname":"Michael Estrada"},"positionGroupType":"CF","shirtNumber":"11","started":true,"team":{"id":"381","name":"Ecuador"}},{"player":{"id":"11960","nickname":"Enner Valencia"},"positionGroupType":"CF","shirtNumber":"13","started":true,"team":{"id":"381","name":"Ecuador"}},{"player":{"id":"3750","nickname":"Ayrton Preciado"},"positionGroupType":"LW","shirtNumber":"9","started":false,"team":{"id":"381","name":"Ecuador"}},{"player":{"id":"4560","nickname":"Carlos Gruezo"},"positionGroupType":"DM","shirtNumber":"8","started":false,"team":{"id":"381","name":"Ecuador"}},{"player":{"id":"13938","nickname":"William Pacho"},"positionGroupType":"LCB","shirtNumber":"6","started":false,"team":{"id":"381","name":"Ecuador"}}]