[{"awayTeam":{"id":"381","name":"Ecuador","shortName":"ECU"},"awayTeamKit":{"name":"Home","primaryColor":"#ffff00","primaryTextColor":"#003366","secondaryColor":"#003366","secondaryTextColor":"#ffff00"},"competition":{"id":"38","name":"FIFA Men's World Cup"},"date":"2022-11-20T16:00:00","endPeriod1":3109.71,"endPeriod2":6226.026,"halfPeriod":96.263,"homeTeam":{"id":"360","name":"Qatar","shortName":"QAT"},"homeTeamKit":{"name":"Home","primaryColor":"#990000","primaryTextColor":"#ffffff","secondaryColor":"#990000","secondaryTextColor":"#ffffff"},"homeTeamStartLeft":true,"homeTeamStartLeftExtraTime":null,"id":"3814","period1":50.0116833333,"period2":50.3342166667,"season":"2022","stadium":{"id":"186","name":"Al Bayt Stadium","pitches":[{"endDate":null,"id":"437","length":105.0,"startDate":"2021-01-01","width":68.0}]},"startPeriod1":109.009,"startPeriod2":3205.973,"week":1,"fps":29.97,"videoUrl":"https:\/\/epitome.pff.com\/en\/film_room\/b9207aed-c52d-4b9c-8638-8a17226eb95b"}]